,PM2.5,PM10,NO2,Temperature,Relative Humidity,Wind Speed,AOD,HCHO
PM2.5,1.0,0.9804894078006922,-0.16270396718675773,-0.10619918079837497,0.15442313243196337,0.01708693571569725,0.34237911319129205,-0.034016160733255266
PM10,0.9804894078006922,1.0,-0.09722730173002411,,,,,
NO2,-0.16270396718675773,-0.09722730173002411,1.0,,,,,
Temperature,-0.10619918079837497,,,1.0,-5.745690454845426e-05,0.00045872201101177364,0.013205578441856205,0.008331539941111393
Relative Humidity,0.15442313243196337,,,-5.745690454845426e-05,1.0,-0.007310153120617114,-2.3250202035832282e-06,-0.004029429288532845
Wind Speed,0.01708693571569725,,,0.00045872201101177364,-0.007310153120617114,1.0,0.008018642504986505,-0.02936751550304095
AOD,0.34237911319129205,,,0.013205578441856205,-2.3250202035832282e-06,0.008018642504986505,1.0,0.11161005095796837
HCHO,-0.034016160733255266,,,0.008331539941111393,-0.004029429288532845,-0.02936751550304095,0.11161005095796837,1.0
