{
    "Day of Week": 0.5824229048354518,
    "Longitude": 0.056080641495141484,
    "Wind Speed": 0.05063064414492944,
    "Relative Humidity": 0.04469304831449202,
    "Boundary Layer Height": 0.03651295993529777,
    "HCHO": 0.03319500323080115,
    "O3 Column": 0.030909470446774216,
    "Temperature": 0.029501562165455297,
    "Latitude": 0.029134969713350004,
    "Wind Direction": 0.02539427898867129,
    "NO2 Column": 0.02405487077832019,
    "Surface Pressure": 0.022311982352601237,
    "CO Column": 0.020625884301644047,
    "SO2 Column": 0.014531779297069908,
    "Month": 0.0,
    "Weekend Flag": 0.0,
    "Season_Monsoon": 0.0
}